title,company,location,link
"AI/ML - NLP & ML Engineer, Siri Understanding",Apple,"Cupertino, CA",https://stackoverflow.com/jobs/414696
Cloud and System Engineer,Grand Parade,"Kraków, Poland",https://stackoverflow.com/jobs/399400
Werkstudent (m/w/d) Softwareentwicklung,ClimatePartner,"München, Deutschland",https://stackoverflow.com/jobs/355770
Forensic Software Developer: All Levels (Clearance Required) [OCONUS Deployable],"Cipher Tech Solutions, Inc","Tampa, FL",https://stackoverflow.com/jobs/307769
Senior Autonomy Engineer - Trajectory Planning & Control,Shield AI,"San Diego, CA",https://stackoverflow.com/jobs/406667
Senior Pentration Tester (Red Team) (m/f/d) - Cybersecurity Audit,Siemens AG,"Munich, Germany",https://stackoverflow.com/jobs/414725
"AI/ML - Sr Manager, Product Management - ML Language Technologies",Apple,"Cupertino, CA",https://stackoverflow.com/jobs/391954
Software Developer in Test - Core I/O and Sensors,Apple,"Cupertino, CA",https://stackoverflow.com/jobs/416450
"AI/ML - Sr Data Pipeline Engineer, Siri Data",Apple,"Cupertino, CA",https://stackoverflow.com/jobs/414697
"Software Engineer, Security Server Applications",Apple,"Austin, TX",https://stackoverflow.com/jobs/415656
"Machine Learning Engineer, AMP Analytics & Data Products",Apple,"Seattle, WA",https://stackoverflow.com/jobs/413788
"AI/ML - Sr Data Scientist, Siri Data",Apple,"Cupertino, CA",https://stackoverflow.com/jobs/393082
Maps Evaluation Software Engineer,Apple,"Cupertino, CA",https://stackoverflow.com/jobs/374346
"AI/ML - Data Infrastructure Stream Processing Engineer, Siri Search & Knowledge Platform",Apple,"Seattle, WA",https://stackoverflow.com/jobs/415648
Sr. Data Engineer - Ad Platforms,Apple,"Cupertino, CA",https://stackoverflow.com/jobs/409166
"AI/ML - Data Infrastructure Solr/Search Engineer, Siri Search & Knowledge Platform",Apple,"Seattle, WA",https://stackoverflow.com/jobs/415647
Escalation Engineer,Apple,"Cupertino, CA",https://stackoverflow.com/jobs/415646
"Performance Engineer, Apple Media Products",Apple,Singapore,https://stackoverflow.com/jobs/377541
Data Scientist – Docteur Ingénieur Informaticien – H/F – CDI – Hyères (83),SkillValue,"Hyères, France",https://stackoverflow.com/jobs/406661
Data Engineer (m/f/d),Definiens,"München, Germany",https://stackoverflow.com/jobs/395729
"Développeur JAVA / SCALA H/F – CDI – Paris, La Défense",SkillValue,"Paris, France",https://stackoverflow.com/jobs/406660
Data Wrangler / Curator (m/f/d),Definiens,"München, Germany",https://stackoverflow.com/jobs/395727
Systemadministrator (m/w/d),gvf VersicherungsMakler AG,"Chemnitz, Deutschland",https://stackoverflow.com/jobs/406655
Full stack Go+Angular,CEL,No office location,https://stackoverflow.com/jobs/368876
Senior Software Developer Python (m/w/d),noris network AG,"Nürnberg, Deutschland",https://stackoverflow.com/jobs/406652
Software Localisation Project Manager,Apple,"Cork, Ireland",https://stackoverflow.com/jobs/406227
"Wireless Test Engineer, WiFi/Bluetooth",Apple,"Cupertino, CA",https://stackoverflow.com/jobs/416441
"Manager, Video Services",Apple,"Cupertino, CA",https://stackoverflow.com/jobs/406250
Protocol Analysis Engineer,Apple,"Cupertino, CA",https://stackoverflow.com/jobs/364751
"Sr. Engineer, Maps POI",Apple,"Cupertino, CA",https://stackoverflow.com/jobs/398715
Build Engineer,Apple,"Cupertino, CA",https://stackoverflow.com/jobs/386801
"Data Platform QE lead, Ad Platforms",Apple,"Cupertino, CA",https://stackoverflow.com/jobs/403061
"Sr. Software Engineer, Ad Platforms",Apple,"Austin, TX",https://stackoverflow.com/jobs/358524
"Site Reliability Engineer (SRE), Apple Cloud Services",Apple,"Cupertino, CA",https://stackoverflow.com/jobs/416436
Cellular Power & Performance Engineer,Apple,"Cupertino, CA",https://stackoverflow.com/jobs/344913
"AI/ML - Sr. Search Engineer, Siri Search & Knowledge Platform",Apple,"Seattle, WA",https://stackoverflow.com/jobs/416432
Senior Data Engineer - Ad Platforms,Apple,"Cupertino, CA",https://stackoverflow.com/jobs/408542
Senior Software QA Manager,Apple,"Cupertino, CA",https://stackoverflow.com/jobs/416429
Car Experience Systems Engineering-Technical Writer,Apple,"Cupertino, CA",https://stackoverflow.com/jobs/416427
DevOps Team Lead - Infrastructure,Apple,"Austin, TX",https://stackoverflow.com/jobs/416426
"AI/ML - Data Infrastructure Engineer, Siri Search & Knowledge Platform",Apple,"Seattle, WA",https://stackoverflow.com/jobs/416423
Software Developer in Test - I/O Technologies,Apple,"Cupertino, CA",https://stackoverflow.com/jobs/416421
Full Stack Backend Specialist,Jumbo Supermarkets,"Veghel, Netherlands",https://stackoverflow.com/jobs/377506
Software Engineer - mid-senior; python & javascript,Envelop Risk,"Bristol, UK",https://stackoverflow.com/jobs/355667
Machine Learning Engineer,Runtastic,"Linz, Austria",https://stackoverflow.com/jobs/399158
Senior Python Blockchain Developer - Raiden Network,brainbot,"Berlin, Germany",https://stackoverflow.com/jobs/198297
Software Developer (Python),Picnic,"Amsterdam, Netherlands",https://stackoverflow.com/jobs/292346
(Senior) DevOps Engineer (m/w/d) in München,jambit GmbH,"München, Deutschland",https://stackoverflow.com/jobs/308214
Firmware developer who loves music,Audiodo,"Malmö, Sweden",https://stackoverflow.com/jobs/406636
Software Engineers,Vayyar,"Yehud-Monosson, Israel",https://stackoverflow.com/jobs/368763
Python Developer Intern,OXO Solutions,"Ruby, SC",https://www.indeed.com/viewjob?jk=84a541c104b5b24c
Entry Level - Associate Data Scientist,IBM,United States,https://www.indeed.com/viewjob?jk=ea78d3941ea548cc
Python & Infrastructure Developer,Phrasee,Remote,https://www.indeed.com/viewjob?jk=c24cd253a1ca330e
"MACHINE LEARNING ENGINEER - PYTHON, TENSORFLOW",InspiHER Tech,United States,https://www.indeed.com/viewjob?jk=a754b1fae51c41d2
Entry Level - Associate Developer,IBM,United States,https://www.indeed.com/viewjob?jk=d7b66851cf0ded38
PYTHON SOFTWARE ENGINEER-DEEP LEARNING,InspiHER Tech,United States,https://www.indeed.com/viewjob?jk=3dd6c509667887e7
Data Scientist Entry Level - Pathrise Recruiting Partners,Pathrise,Remote,https://www.indeed.com/viewjob?jk=57125117d2b4b0f6
Software Engineer - Python,"Dycom Industries, Inc.",Remote,https://www.indeed.com/viewjob?jk=d5d15273ac64aecc
Business Intelligence Intern,Evil Geniuses,California,https://www.indeed.com/viewjob?jk=85e0505695b43f23
Data Engineer - Python Programmer,Mondo,"Emeryville, CA",https://www.indeed.com/viewjob?jk=7f4feddb51713164
Python Developer,Stratus Video,Remote,https://www.indeed.com/viewjob?jk=e9162fa9c4a6bb7e
ENTRY LEVEL INSTRUMENT DEVELOPMENT SCIENTIST,Idaho National Laboratory,United States,https://www.indeed.com/viewjob?jk=100c8fe2d280323a
Developer - Python Django,Energy Sense Finance,"Tampa, FL",https://www.indeed.com/viewjob?jk=213f60ab30d8eece
Python Developer,Highbrow Technologies,"Bellevue, WA",https://www.indeed.com/viewjob?jk=70912d7ae92ee088
Back-End Python Developer - GitPrime,Pluralsight,Colorado,https://www.indeed.com/viewjob?jk=a1abf6435924c5a1
PYTHON DEVELOPER,Pythonwise,"Seattle, WA",https://www.indeed.com/viewjob?jk=1a20a1c56fb7df73
Python разработчик,WaveAccess,United States,https://www.indeed.com/viewjob?jk=d6df26980f5d9a81
Python Hacker - Machine Learning,Morgan Stanley,"New York, NY",https://www.indeed.com/viewjob?jk=570b70628645883d
Java / Python Tutors,"SAM Consulting Services, Inc.","New York, NY",https://www.indeed.com/viewjob?jk=6dd414e5bf2653aa
Python Developer,Sara Technologies,United States,https://www.indeed.com/viewjob?jk=07cc59a85ae4d228
Senior Python Developer,Frontierpay,Remote,https://www.indeed.com/viewjob?jk=249fd45368894066
Enterprise Document Librarian,Red Hat Software,Remote,https://www.indeed.com/viewjob?jk=68f5834d083183db
Quantitative Trader - Entry Level,Avatar Securities,"Chicago, IL",https://www.indeed.com/viewjob?jk=d01efa8dad29efdc
Threat Hunter (Remote),CrowdStrike,United States,https://www.indeed.com/viewjob?jk=e769063f093b1117
Python Developer Trainee,Cndro,"Houston, TX",https://www.indeed.com/viewjob?jk=0cf2026f52be6bc9
"Consultant (ADF/Snowflake, ETL)",Trianz,Remote,https://www.indeed.com/viewjob?jk=737aa508ed715c79
Senior Python SDET - Hammer Team,Nasuni,"Raleigh, NC",https://www.indeed.com/viewjob?jk=0cb37aa53572f534
Consulting Professors,Saylor Academy,Remote,https://www.indeed.com/viewjob?jk=edb0eb6a7ba31772
GIS Technician (Contract),Orbital Insight,United States,https://www.indeed.com/viewjob?jk=3e307741d1c78aec
Business Intelligence Intern (Fall 2020),Pittsburgh Penguins,"Pittsburgh, PA",https://www.indeed.com/viewjob?jk=d3f316ab23afed70
Python developer,Ace-stack LLC,"Houston, TX",https://www.indeed.com/viewjob?jk=0c34c27b60a5c923
Python Developer,Callsign Media,"Las Vegas, NV",https://www.indeed.com/viewjob?jk=345e22ca6e583be5
"Fraud Intelligence, Data Operations Analyst",White Ops,New York State,https://www.indeed.com/viewjob?jk=9b185f14c1a68aaa
Entry Level Data Analyst,Hopjump,"Boston, MA",https://www.indeed.com/viewjob?jk=2532431132ffbda1
Penetration Testing Trainee (Remote USA),BreachLock,"Florida, NY",https://www.indeed.com/viewjob?jk=487b30db63184515
Content Creator,LeetCode,Remote,https://www.indeed.com/viewjob?jk=e94af63cb41ad9b5
Python Developer,Indus Group,United States,https://www.indeed.com/viewjob?jk=67008ecde32d356f
Software Engineering Internship,Apple,"Santa Clara Valley, CA",https://www.indeed.com/viewjob?jk=6f4667b07ff6b946
Junior Quant,Dexterity Capital,Remote,https://www.indeed.com/viewjob?jk=e1a750ccc83bd177
Support,RStudio,United States,https://www.indeed.com/viewjob?jk=2c26339484d5141f
"Data Engg Developers ( PYTHON, SQL)",Ace-stack LLC,California,https://www.indeed.com/viewjob?jk=3aa969679f3b47e6
Full Time Opportunities for Students or Recent Graduates: Data & Applied Sciences,Microsoft,"Redmond, WA",https://www.indeed.com/viewjob?jk=11baba484db23433
Python Developer,CAPCO,"Orlando, FL",https://www.indeed.com/viewjob?jk=725eb78ddb51e7fb
Junior Python Developer,GTS,"New York, NY",https://www.indeed.com/viewjob?jk=f8f068da6dd93fa6
"Junior Software Developer, Python NASA",ASRC Federal Holding Company,"Greenbelt, MD",https://www.indeed.com/viewjob?jk=874e9e1da8afd2bd
Junior Developer - Python,Akuna Capital,"Chicago, IL",https://www.indeed.com/viewjob?jk=0b2c553a665c7d64
Data Technician (Full- or Part-Time),Thasos Group,"New York, NY",https://www.indeed.com/viewjob?jk=da727c0cddda240e
Jr Python Developer,Global Data Management Inc,"Woodbridge, NJ",https://www.indeed.com/viewjob?jk=24185ea11dee3248
Python Developer,Haneke Design,"Tampa, FL",https://www.indeed.com/viewjob?jk=542b21736b6bca61
Python Engineer,Emsi,"Moscow, ID",https://www.indeed.com/viewjob?jk=363ecb6e97aacb1a
PYTHON DEVELOPER,Pythonwise,"Seattle, WA",https://www.indeed.com/viewjob?jk=1a20a1c56fb7df73
Python разработчик,WaveAccess,United States,https://www.indeed.com/viewjob?jk=d6df26980f5d9a81
Python Hacker - Machine Learning,Morgan Stanley,"New York, NY",https://www.indeed.com/viewjob?jk=570b70628645883d
Java / Python Tutors,"SAM Consulting Services, Inc.","New York, NY",https://www.indeed.com/viewjob?jk=6dd414e5bf2653aa
Python Developer,Sara Technologies,United States,https://www.indeed.com/viewjob?jk=07cc59a85ae4d228
Senior Python Developer,Frontierpay,Remote,https://www.indeed.com/viewjob?jk=249fd45368894066
Enterprise Document Librarian,Red Hat Software,Remote,https://www.indeed.com/viewjob?jk=68f5834d083183db
Quantitative Trader - Entry Level,Avatar Securities,"Chicago, IL",https://www.indeed.com/viewjob?jk=d01efa8dad29efdc
Threat Hunter (Remote),CrowdStrike,United States,https://www.indeed.com/viewjob?jk=e769063f093b1117
Python Developer Trainee,Cndro,"Houston, TX",https://www.indeed.com/viewjob?jk=0cf2026f52be6bc9
"Consultant (ADF/Snowflake, ETL)",Trianz,Remote,https://www.indeed.com/viewjob?jk=737aa508ed715c79
Senior Python SDET - Hammer Team,Nasuni,"Raleigh, NC",https://www.indeed.com/viewjob?jk=0cb37aa53572f534
Consulting Professors,Saylor Academy,Remote,https://www.indeed.com/viewjob?jk=edb0eb6a7ba31772
GIS Technician (Contract),Orbital Insight,United States,https://www.indeed.com/viewjob?jk=3e307741d1c78aec
Business Intelligence Intern (Fall 2020),Pittsburgh Penguins,"Pittsburgh, PA",https://www.indeed.com/viewjob?jk=d3f316ab23afed70
